<?xml version="1.0" encoding="UTF-8" standalone="yes"?>
<addon id="plugin.program.ipcablecloudwizard" name="IP Cable Cloud" version="1.0.1" provider-name="IP Cable Cloud">
  <requires>
    <import addon="xbmc.python" version="2.1.0"/>
	<import addon="script.module.requests"/>
	<import addon="script.module.beautifulsoup4"/>
  </requires>
  <extension point="xbmc.python.pluginsource" library="default.py">
        <provides>program executable</provides>
  </extension>
  <extension point="xbmc.service" library="service.py" start="startup" />
  <extension point="xbmc.addon.metadata">
		<summary lang="en">IP Cable Cloud Wizard</summary>
		<description lang="en">Easy Install of IP Cable Cloud Builds and Addons</description>
		<disclaimer lang="en">Note: we are not responsible or have any influence to the content and their availability from Kodi Add-ons</disclaimer>
		<platform>all</platform>
	</extension>
</addon>
