<?xml version="1.0" encoding="UTF-8" standalone="yes"?>
<addon id="plugin.video.fncablebandw" name="Old Movies" version="1.2.12" provider-name="IPCC">
  <requires>
    <import addon="xbmc.python" version="2.1.0" />
    <import addon="script.module.urlresolver" />
  </requires>
  <extension point="xbmc.python.pluginsource"
            library="default.py">
        <provides>video</provides>
  </extension>
  <extension point="xbmc.addon.metadata">
    <platform>all</platform>
    <summary></summary>
    <description></description>
  </extension>
</addon>
